<?xml version="1.0" encoding="iso-8859-1"?>
<Datasets xmlns="http://www.tdwg.org/2004/UBIF" xmlns:xsi="http://www.w3.org/2001/XMLSchema-instance" xsi:schemaLocation="http://www.tdwg.org/2004/UBIF UBIF_Enumerations.xsd">
  <Dataset>
    <Derivation datetime="2004-08-14T00:00:00">
      <Generator name="DiversitySchemaTools Version 0.4. Copyright (c) G. Hagedorn 2004." version="0.4"/>
    </Derivation>
    <Metadata>
      <Description>
        <Representation language="en">
          <Title>UBIF Enumeration info</Title>
          <Details>This document is automatically generated based on the enumerations present in the following schema: "SDD 1.0 beta 2". The html representation is intended for documentation and to improve discussion and correction of errors (please comment on http://efgblade.cs.umb.edu/twiki/bin/view/UBIF/EnumerationsTypes). The xml representation follows the general conventions of UBIF documents and may be easier to import or integrate into user interfaces than the schema itself. This is especially true for SDD documents, where a large part of the terminology is provided in the form of data documents by the experts of a given knowledge domain. This document can be used side-by-side as schema-defined terminology with user-defined terminology. Note that a special UBIF payload schema Enumeration is defined in the schema UBIF_Enumerations.xsd, with which this file can be validated.</Details>
        </Representation>
      </Description>
    </Metadata>
    <Enumerations>
      <Enumeration key="BasicCodingStatusEnum">
        <Label>
          <!--(label to entire enumeration to support documenting tools; most applications don't need this)-->
          <Representation language="en-us">
            <Text>BasicCodingStatusEnum</Text>
            <Details>Enumeration used in CodingStatus/Specification. These required values enable applications to interprete user-defined coding status values.</Details>
          </Representation>
        </Label>
        <Items>
          <Item key="ToBeCoded">
            <Label>
              <Representation language="en-us">
                <Text>To Be Coded</Text>
                <Details>Information has not yet been entered, but is is planned to do so.</Details>
              </Representation>
            </Label>
          </Item>
          <Item key="NotToBeCoded">
            <Label>
              <Representation language="en-us">
                <Text>Not To Be Coded</Text>
                <Details>Information has not yet been entered, and is is not planned to do so (esp. because resources are lacking and other characters should have priority).</Details>
              </Representation>
            </Label>
          </Item>
          <Item key="CannotBeCoded">
            <Label>
              <Representation language="en-us">
                <Text>Cannot Be Coded</Text>
                <Details>Information cannot be entered due to objective (inapplicable character) or subjective (cannot interpret available data) reasons.</Details>
              </Representation>
            </Label>
          </Item>
          <Item key="CodedSuccessfully">
            <Label>
              <Representation language="en-us">
                <Text>Coded Successfully</Text>
                <Details>Information has been entered successfully.</Details>
              </Representation>
            </Label>
          </Item>
        </Items>
      </Enumeration>
      <Enumeration key="PresenceOfInformationEnum">
        <Label>
          <!--(label to entire enumeration to support documenting tools; most applications don't need this)-->
          <Representation language="en-us">
            <Text>PresenceOfInformationEnum</Text>
            <Details>Enumeration used in CodingStatus/Specification. These required values enable applications to interprete user-defined coding status values.</Details>
          </Representation>
        </Label>
        <Items>
          <Item key="NotEvaluated">
            <Label>
              <Representation language="en-us">
                <Text>Not Evaluated</Text>
                <Details>The presence of information has not yet been evaluated.</Details>
              </Representation>
            </Label>
          </Item>
          <Item key="CannotExist">
            <Label>
              <Representation language="en-us">
                <Text>Cannot Exist</Text>
                <Details>Information cannot exist for logical reasons (i. e. a character with a coding status having this value is inapplicable).</Details>
              </Representation>
            </Label>
          </Item>
          <Item key="DoesNotExist">
            <Label>
              <Representation language="en-us">
                <Text>Does Not Exist</Text>
                <Details>Information should exist, but extensive research has failed to find it.</Details>
              </Representation>
            </Label>
          </Item>
          <Item key="Exists">
            <Label>
              <Representation language="en-us">
                <Text>Exists</Text>
                <Details>Information has already been found, but may not yet have been entered.</Details>
              </Representation>
            </Label>
          </Item>
        </Items>
      </Enumeration>
      <Enumeration key="GlossaryKindOfTermEnum">
        <Label>
          <!--(label to entire enumeration to support documenting tools; most applications don't need this)-->
          <Representation language="en-us">
            <Text>GlossaryKindOfTermEnum</Text>
            <Details>Defines the type of a concept tree (list of enumerated values to support application interoperability).</Details>
          </Representation>
        </Label>
        <Items>
          <Item key="PartOrStructure">
            <Label><Representation language="en-us"><Text> </Text></Representation></Label>
          </Item>
          <Item key="PropertyTerm">
            <Label><Representation language="en-us"><Text> </Text></Representation></Label>
          </Item>
          <Item key="FunctionalConcept">
            <Label><Representation language="en-us"><Text> </Text></Representation></Label>
          </Item>
          <Item key="MethodOrProcedure">
            <Label><Representation language="en-us"><Text> </Text></Representation></Label>
          </Item>
          <Item key="ChemicalCompound">
            <Label><Representation language="en-us"><Text> </Text></Representation></Label>
          </Item>
          <Item key="Modifier">
            <Label><Representation language="en-us"><Text> </Text></Representation></Label>
          </Item>
          <Item key="NomenclatureTerm">
            <Label><Representation language="en-us"><Text> </Text></Representation></Label>
          </Item>
          <Item key="OtherTerm">
            <Label><Representation language="en-us"><Text> </Text></Representation></Label>
          </Item>
        </Items>
      </Enumeration>
      <Enumeration key="UnivarStatMeasureCompareWithEnum">
        <Label>
          <!--(label to entire enumeration to support documenting tools; most applications don't need this)-->
          <Representation language="en-us">
            <Text>UnivarStatMeasureCompareWithEnum</Text>
            <Details>When mapping numerical ranges to categorical states (essentially creating a histogram), several methods which statistical measures are used for the mapping are possible. Using the central value compares a point with the mapping range, whereas using ranges or extremes results in a comparison of two kind of ranges for overlap. Only the central value method can guarantee an unambiguous partitioning into categories. However, the ranges or extremes methods may be desirable because of their improved error tolerance.</Details>
          </Representation>
        </Label>
        <Items>
          <Item key="CentralMeasure">
            <Label>
              <Representation language="en-us">
                <Text>Central measure</Text>
                <Details>The first central measure encountered (mean, median, mode) is used as the basis of comparison. If none is found, but ranges or extremes are present, a central value is calculated based on the these.</Details>
              </Representation>
            </Label>
          </Item>
          <Item key="Ranges">
            <Label>
              <Representation language="en-us">
                <Text>Ranges</Text>
                <Details>Any ranges that are not the extremes (quantile, percentile, confidence interval, mean plus/minus s.d., etc.) is attempted to use for comparison. If none is found, Extreme values are used.</Details>
              </Representation>
            </Label>
          </Item>
          <Item key="Extremes">
            <Label>
              <Representation language="en-us">
                <Text>Extremes</Text>
                <Details>The extreme range values (= minimum and maximum) are used as the basis of comparison.</Details>
              </Representation>
            </Label>
          </Item>
        </Items>
      </Enumeration>
      <Enumeration key="StateCollectionModelEnum">
        <Label>
          <!--(label to entire enumeration to support documenting tools; most applications don't need this)-->
          <Representation language="en-us">
            <Text>StateCollectionModelEnum</Text>
            <Details>Used in descriptive data (not in terminology): Collections of states in instance documents may be ordered (sequence) or unordered (set), and may be connected with 'and', 'or', 'with', or 'between'. Since set/sequence and operators are dependent on each other, the two aspects are combined into a 'model' enumeration</Details>
          </Representation>
        </Label>
        <Items>
          <Item key="OrSet">
            <Label>
              <Representation language="en-us">
                <Text>Unordered set of states, combined with 'or'</Text>
                <Details>Multiple states scored for a character in a description form a set. The order of states has no special meaning and may be changed. In natural language output the states should be combined with 'or' to express that in individual objects (that belong to the class that is being described), the states may occur together or alone.</Details>
              </Representation>
            </Label>
          </Item>
          <Item key="OrSeq">
            <Label>
              <Representation language="en-us">
                <Text>Ordered sequence of states, combined with 'or'</Text>
                <Details>Multiple states scored for a character in a description form a sequence, i. e. the state order carries some semantics and should be preserved in output. The sequence semantics is not explicitly defined, but intelligable to human consumers and presumably relates to some concept of relevance or importance.  In natural language output the states should be combined with 'or' to express that in individual objects (that belong to the class that is being described), the states may occur together or alone.</Details>
              </Representation>
            </Label>
          </Item>
          <Item key="AndSet">
            <Label>
              <Representation language="en-us">
                <Text>Unordered set of states, of states, combined with 'and'</Text>
                <Details>Multiple states scored for a character in a description form a set. The order of states has no special meaning and may be changed. In natural language output the states should be combined with 'and' to express that in any individual object (that belong to the class that is being described), the states will always occur together. Example: two colors that occur together in a pattern.</Details>
              </Representation>
            </Label>
          </Item>
          <Item key="AndSeq">
            <Label>
              <Representation language="en-us">
                <Text>Ordered sequence of states, combined with 'and'</Text>
                <Details>Multiple states scored for a character in a description form a sequence, i. e. the state order carries some semantics and should be preserved in output. The sequence semantics is not explicitly defined, but intelligable to human consumers and presumably relates to some concept of relevance or importance.  In natural language output the states should be combined with 'and' to express that in any individual object (that belong to the class that is being described), the states will always occur together. Example: a black part with small red markings, is more appropriately described as 'black and red' than 'red and black'.</Details>
              </Representation>
            </Label>
          </Item>
          <Item key="WithSeq">
            <Label>
              <Representation language="en-us">
                <Text>One state occurring together with others of secondary relevance.</Text>
                <Details>This is a special case of AndSeq, and in many circumstances (except natural language generation) may be treated as AndSeg. Example: "Green with brown" (often this may be two characters, e. g. base color and dot color).</Details>
              </Representation>
            </Label>
          </Item>
          <Item key="Between">
            <Label>
              <Representation language="en-us">
                <Text>True value lying between (usually two) states</Text>
                <Details>Example: "Between oval and elliptic" = "Oval to elliptic".</Details>
              </Representation>
            </Label>
          </Item>
        </Items>
      </Enumeration>
      <Enumeration key="ConceptTreeTypeEnum">
        <Label>
          <!--(label to entire enumeration to support documenting tools; most applications don't need this)-->
          <Representation language="en-us">
            <Text>ConceptTreeTypeEnum</Text>
            <Details>Defines the type of a concept tree (list of enumerated values to support application interoperability).</Details>
          </Representation>
        </Label>
        <Items>
          <Item key="PropertyHierarchy">
            <Label>
              <Representation language="en-us">
                <Text>Categorizing characters into basic property types (e. g., color, 2-dim. shape, 3-dim. shape, surface texture, taste, smell, behavior, physiology, measurements, etc.) greatly improves the analysis and management of larger character sets and is therefore recommended. [@ Note: Only a single concept tree should have this hierarchy type. (not enforced in schema, how can it be enforced? Other types occur multiple, i. e. one cannot make a UNIQUE statement on attribute! @]</Text>
              </Representation>
            </Label>
          </Item>
          <Item key="MethodHierarchy">
            <Label>
              <Representation language="en-us">
                <Text>A hierarchy that organizes characters by observation method or instrumentation, e. g., field observation, light microscopy, electron microscopy, molecular methods, culture techniques, etc.</Text>
              </Representation>
            </Label>
          </Item>
          <Item key="PartCompositionHierarchy">
            <Label>
              <Representation language="en-us">
                <Text>A hierarchy that organizes characters by a morphological or anatomical "contains" or "part-of" hierarchy: plant = root/stem/leaf, leaf = base/stipules/petiole/lamina, etc.</Text>
              </Representation>
            </Label>
          </Item>
          <Item key="PartGeneralizationHierarchy">
            <Label>
              <Representation language="en-us">
                <Text>A hierarchy that organizes structural parts in a kind-of hierarchy (e. g., a 'teliospore' is a kind of 'spore')</Text>
              </Representation>
            </Label>
          </Item>
          <Item key="OtherConceptHierarchy">
            <Label>
              <Representation language="en-us">
                <Text>Used for concept trees that fall into none of the categories property, method, part. Such trees may be intended only for internal purposes (e. g., defining dependency rules) or for browsing by the user.</Text>
              </Representation>
            </Label>
          </Item>
          <Item key="PresentationTable">
            <Label>
              <Representation language="en-us">
                <Text>PresentationTable concept trees are small sets of a usually a few characters that allow to display data in a tabular arrangement. It is possible to define tables in more than 2 dimensions. By default the innermost dimension is considered cells in a row, the next rows in a table. Any further dimension may be displayed as multiple 2-dimensional tables one below the other. However, applications may also offer a browser based on pivot tables. - Note: Trees of type PresentationTable should not be offered in the user interface when selecting a browsing tree.</Text>
              </Representation>
            </Label>
          </Item>
          <Item key="SubsetFilter">
            <Label>
              <Representation language="en-us">
                <Text>A concept tree of type "SubsetFilter" is intended only for the purpose of filtering characters. It will often be a flat list of characters. Applications should not offer it as a choice when the user selects a hierarchy for displaying or reporting purposes. Note that conversely, the filter selection dialog in applications should not be restricted to trees of type SubsetFilter. Any concept tree, including part, method or property hierarchies may be used as a filter to define character subsets.</Text>
              </Representation>
            </Label>
          </Item>
        </Items>
      </Enumeration>
      <Enumeration key="ConceptTreeRoleEnum">
        <Label>
          <!--(label to entire enumeration to support documenting tools; most applications don't need this)-->
          <Representation language="en-us">
            <Text>ConceptTreeRoleEnum</Text>
            <Details>Defines the intended roles that a designer may assign to a concept tree (list of enumerated values to support application interoperability).</Details>
          </Representation>
        </Label>
        <Items>
          <Item key="DescriptionEditing">
            <Label>
              <Representation language="en-us">
                <Text>Setting this value in a concept tree is a recommendation to applications with a user interface to offer this tree for editing the description data set (the application may, however, enable the user to select any concept tree).</Text>
              </Representation>
            </Label>
          </Item>
          <Item key="BuildingStoredIdentificationKeys">
            <Label>
              <Representation language="en-us">
                <Text>Setting this value in a concept tree is a recommendation to applications with a user interface to offer this tree for building stored identification keys (e. g., dichotomous keys).</Text>
              </Representation>
            </Label>
          </Item>
          <Item key="InteractiveIdentification">
            <Label>
              <Representation language="en-us">
                <Text>Setting this value in a concept tree is a recommendation to applications with a user interface to offer this tree for interactive identification.</Text>
              </Representation>
            </Label>
          </Item>
          <Item key="TerminologyReporting">
            <Label>
              <Representation language="en-us">
                <Text>Setting this value in a concept tree is a recommendation to applications to use this for creating a report of the character terminology. (Note that no TerminologyEditing value is defined; all concept trees should be available when designing the terminology. However, the tree marked as TerminologyReporting may be used as the initial editing view.)</Text>
              </Representation>
            </Label>
          </Item>
          <Item key="NaturalLanguageReporting">
            <Label>
              <Representation language="en-us">
                <Text>Setting this value in a concept tree is a recommendation to applications to offer this tree for natural language reporting.</Text>
              </Representation>
            </Label>
          </Item>
          <Item key="Filtering">
            <Label>
              <Representation language="en-us">
                <Text>Setting this value in a concept tree is a recommendation to applications to offer this tree for filtering purposes. Some trees are explicitly (separately) typed as being intended exclusively for filtering/subset definition; but many trees are useful for filtering purposes.</Text>
              </Representation>
            </Label>
          </Item>
        </Items>
      </Enumeration>
      <Enumeration key="DataOriginEnum">
        <Label>
          <!--(label to entire enumeration to support documenting tools; most applications don't need this)-->
          <Representation language="en-us">
            <Text>DataOriginEnum</Text>
            <Details>Defines the origin of data that may have been entered, calculated, aggregated or inherited</Details>
          </Representation>
        </Label>
        <Items>
          <Item key="OriginalData">
            <Label>
              <Representation language="en-us">
                <Text>The data are directly entered by a machine or human agent. These are the original data all other cached data (Origin unequal 'OriginalData') are based upon.</Text>
              </Representation>
            </Label>
          </Item>
          <Item key="Calculated">
            <Label>
              <Representation language="en-us">
                <Text>The data are calculated from other data using a calculation rule. Examples: a ratio calculated from other characters, a mean calculated from a sample that is available under SampleData/Sample (if a mean is calculated from data no longer available, it would be recorded as 'OriginalData').</Text>
              </Representation>
            </Label>
          </Item>
          <Item key="Mapped">
            <Label>
              <Representation language="en-us">
                <Text>The data are calculated from other data based on a mapping definition (either from numeric to categorical, or from fine-grained categorical to coarse-grained categorical.</Text>
              </Representation>
            </Label>
          </Item>
          <Item key="Aggregated">
            <Label>
              <Representation language="en-us">
                <Text>The data are derived from data in classes placed below the current class in the class hierarchy. This applies both to aggregating data from objects to classes, as generalizing lower classes to higher classes. Note: BioLink calls this 'Compile from below'.</Text>
              </Representation>
            </Label>
          </Item>
          <Item key="Inherited">
            <Label>
              <Representation language="en-us">
                <Text>The data are derived from data in classes placed above the current class in the class hierarchy.</Text>
              </Representation>
            </Label>
          </Item>
        </Items>
      </Enumeration>
      <Enumeration key="RatingOriginEnum">
        <Label>
          <!--(label to entire enumeration to support documenting tools; most applications don't need this)-->
          <Representation language="en-us">
            <Text>RatingOriginEnum</Text>
            <Details>Defines the origin of concept/character ratings. Similar to DataOriginEnum, but fewer enumerated values.</Details>
          </Representation>
        </Label>
        <Items>
          <Item key="OriginalData">
            <Label>
              <Representation language="en-us">
                <Text>The data are directly entered by a machine or human agent.</Text>
              </Representation>
            </Label>
          </Item>
          <Item key="Inherited">
            <Label>
              <Representation language="en-us">
                <Text>Concept ratings may inherit from ratings at higher concept nodes, and character ratings may inherit from all concept nodes they belong to (possibly in multiple concept trees).</Text>
              </Representation>
            </Label>
          </Item>
        </Items>
      </Enumeration>
    </Enumerations>
  </Dataset>
</Datasets>
