<TaxonName id="t5" uri="http://purl.gbif.net/www.fishbase.org/1029">
  <!-- we chose FishBase for the example because it is one of the few resources where IDs are published (and Nicolas Bailly has helped a lot with SDD! -->
  <Representation>
    <Label xml:lang="zxx-x-taxon">Cypselurus heterurus (Rafinesque, 1810)</Label>
  </Representation>
  <Links>
  <Link rel="Alternate" href="urn:lsid:lsid.gbif.net:www.fishbase.org:1029"/>
  <Link rel="Alternate" href="http://www.fishbase.org/Summary/SpeciesSummary.cfm?ID=1029"/>
  </Links>
  <Rank code="sp" />
</TaxonName>
<TaxonName id="t6">
  <!-- Note that TaxonNames are not necessarily accepted/valid class names, they may contain synonyms like this:-->
  <Representation>
    <Label xml:lang="zxx-x-taxon">Cheilopogon heterurus</Label>
  </Representation>
  <Links><Link rel="Alternate" href="http://www.fishbase.org/Nomenclature/SynonymSummary.cfm?ID=118703"/></Links>
  <Rank code="sp" />
</TaxonName>
<TaxonName id="t7">
  <Representation>
    <Label xml:lang="zxx-x-taxon">Cypselurus naresii (Günther, 1889)</Label>
  </Representation>
  <Links><Link rel="Alternate" href="http://www.fishbase.org/Summary/SpeciesSummary.cfm?ID=7726"/></Links>
  <Rank code="sp" />
</TaxonName>
<TaxonName id="t8">
  <!-- This is a genus record. -->
  <Representation>
    <Label xml:lang="zxx-x-taxon">Cypselurus</Label>
  </Representation>
  <Links><Link rel="Alternate" href="http://www.fishbase.org/Eschmeyer/GeneraSummary.cfm?ID=Cypselurus"/></Links>
  <Rank code="gen" />
</TaxonName>
