  <TaxonName id="t1">
    <Representation>
      <Label xml:lang="zxx-x-taxon">Viola hederacea Labill.</Label>
    </Representation>
  </TaxonName>
  <TaxonName id="t2">
    <Representation>
      <Label xml:lang="zxx-x-taxon">Mechanitis polymnia</Label>
    </Representation>
  </TaxonName>
  <TaxonName id="t3">
    <Representation>
      <Label xml:lang="zxx-x-taxon">Mechanitis lysimnia</Label>
    </Representation>
  </TaxonName>
  <TaxonName id="t4">
    <Representation>
      <Label xml:lang="zxx-x-taxon">Mechanitis oto</Label>
    </Representation>
  </TaxonName>